Date,Temperature,pH,Yeast Activity,Fermentation Rate,Quality_Status
1/1/2023,23.99,4.43,83.92,79.93,Good
1/2/2023,21.06,4.38,43.49,93.31,Warning
1/3/2023,28.32,4.88,41.24,98.5,Bad
1/4/2023,20.12,4.77,50.91,59.17,Warning
1/5/2023,22.97,3.54,65.92,64.56,Warning
1/6/2023,17.95,4.66,57.53,68.32,Warning
1/7/2023,27.86,4.39,51.98,75.71,Warning
1/8/2023,19.82,4.56,76.45,58.53,Warning
1/9/2023,19.6,4.35,81.05,72.01,Good
1/10/2023,21.95,3.97,42.06,95.47,Warning
1/11/2023,25.29,3.89,58.7,76,Warning
1/12/2023,16.69,4.6,98.18,88.76,Warning
1/13/2023,24.95,4.59,45.31,59.8,Warning
1/14/2023,21.54,4.35,63.32,63.57,Warning
1/15/2023,20.16,5.03,56.86,77.13,Warning
1/16/2023,23.3,4.31,44.47,99.34,Warning
1/17/2023,19.29,4.81,40.33,90.77,Warning
1/18/2023,26.12,4.97,86.28,53.7,Warning
1/19/2023,18.64,4.35,91.79,81.16,Good
1/20/2023,20.08,4.41,58.66,66.26,Warning
1/21/2023,25.25,5.18,93.23,73.61,Warning
1/22/2023,23.45,4.18,85.65,78.06,Good
1/23/2023,21.86,5.28,71.36,71.38,Warning
1/24/2023,22.35,4.35,58.86,75.43,Warning
1/25/2023,21.12,4.68,64.62,87.78,Warning
1/26/2023,18.77,4.25,95.78,90.41,Good
1/27/2023,25.66,4.66,88.22,59.33,Warning
1/28/2023,22.39,4.98,88.45,94.8,Good
1/29/2023,19.19,4.34,53.68,71.36,Warning
1/30/2023,23.18,4.63,40.42,75.54,Warning
1/31/2023,16.34,4.29,47.19,66.88,Warning
2/1/2023,21.35,4.7,71.13,85.15,Good
2/2/2023,23.03,4.46,97.75,62.59,Warning
2/3/2023,14.32,4.49,57.09,51.84,Bad
2/4/2023,22.24,5.73,43.09,63.93,Bad
2/5/2023,21.23,4.65,48.69,74.47,Warning
2/6/2023,26.57,4.88,54.26,86.41,Warning
2/7/2023,27.61,3.8,78.01,76.79,Warning
2/8/2023,18.04,4.22,42.45,79.54,Warning
2/9/2023,15.8,4.53,78.71,58.72,Warning
2/10/2023,18.32,5.27,96.2,56.88,Warning
2/11/2023,18.87,4.34,95.48,93.87,Good
2/12/2023,25.25,3.88,89.03,77.76,Warning
2/13/2023,15.57,4.59,45.59,94.86,Warning
2/14/2023,23.04,4.89,60.34,67.46,Warning
2/15/2023,24.09,4.65,93.23,88.99,Warning
2/16/2023,19.28,4.62,49.7,94.93,Warning
2/17/2023,23.17,4.14,40.3,58.04,Warning
2/18/2023,29.46,4.74,79.12,61.21,Bad
2/19/2023,18.1,4.89,59.52,87.32,Warning
2/20/2023,25.85,4.71,79.46,78.42,Warning
2/21/2023,21.02,4.12,55.91,62.2,Warning
2/22/2023,21.69,4.67,93.52,81.56,Good
2/23/2023,22.05,5.23,74.61,74.63,Warning
2/24/2023,24.5,4.07,56.85,51.22,Warning
2/25/2023,17.72,4.74,96.43,97.7,Warning
2/26/2023,21.11,4.86,40.93,96.42,Warning
2/27/2023,23.89,4.46,97.82,92.65,Good
2/28/2023,18.61,3.74,91.07,65.85,Warning
3/1/2023,22.86,3.88,96.17,84.8,Warning
3/2/2023,18.46,4.58,76.9,99.5,Good
3/3/2023,22.23,3.93,92.64,87.04,Warning
3/4/2023,26.33,5.03,61.57,64.68,Warning
3/5/2023,24.06,4.76,92.02,95.66,Warning
3/6/2023,24.06,6.43,87.9,82.5,Bad
3/7/2023,25.82,4.83,93.4,66.9,Warning
3/8/2023,18.91,4.38,74.7,51.8,Warning
3/9/2023,31.26,3.57,57.19,79.54,Bad
3/10/2023,20.11,5.04,47.62,76.11,Warning
3/11/2023,19.14,4.84,77.37,54.27,Warning
3/12/2023,22.18,4.17,72.44,81.87,Good
3/13/2023,13.9,4.59,87.71,63.54,Bad
3/14/2023,18.83,4.44,41.52,98.13,Warning
3/15/2023,24.02,4.93,64.54,58.66,Warning
3/16/2023,20.1,4.17,72.95,85.73,Good
3/17/2023,16.96,4.96,97.29,86.89,Warning
3/18/2023,30.49,5.02,65.18,62.39,Bad
3/19/2023,27.07,4.15,40.86,55.8,Warning
3/20/2023,23.78,4.89,68.45,54.89,Warning
3/21/2023,9.03,3.99,50.39,71.69,Bad
3/22/2023,28.53,3.78,78.11,52.27,Bad
3/23/2023,27.77,3.78,70.19,92.82,Warning
3/24/2023,18.07,4.73,44.23,82.12,Warning
3/25/2023,22.28,4.31,96.41,78.77,Good
3/26/2023,28.34,3.88,67.5,77.28,Bad
3/27/2023,21.39,4.79,97.67,95.27,Good
3/28/2023,23.12,4.19,44.27,65.95,Warning
3/29/2023,19.64,4.92,47.09,84.84,Warning
3/30/2023,25.6,4.65,84.1,90.17,Warning
3/31/2023,18.68,4.22,85.04,90.34,Good
4/1/2023,21.92,4.56,62.32,88.82,Warning
4/2/2023,24.19,4.4,91.5,71.45,Warning
4/3/2023,25.3,4.91,46.19,95.13,Warning
4/4/2023,27.22,4.51,59.2,94.78,Warning
4/5/2023,23.3,4.43,97.04,78.67,Good
4/6/2023,18.73,5.55,57.59,66.43,Bad
4/7/2023,26.63,4.9,87.49,89.48,Warning
4/8/2023,21.95,4.05,43.45,77.48,Warning
4/9/2023,25.9,4.43,61.05,55.85,Warning
4/10/2023,23.65,4.22,77.09,55.06,Warning
4/11/2023,22.98,4.25,44.37,91.09,Warning
4/12/2023,20.12,4.62,45.09,99.33,Warning
4/13/2023,16.21,3.8,88.77,97.36,Warning
4/14/2023,19.13,4.39,86.63,77.92,Good
4/15/2023,25.43,4.42,46.67,74.63,Warning
4/16/2023,21.93,4.36,43.38,55.94,Warning
4/17/2023,23.29,4.09,84.76,79.17,Good
4/18/2023,21.56,4.7,57.14,93.43,Warning
4/19/2023,22.9,4.51,44.43,77.69,Warning
4/20/2023,22.1,4.75,77.76,84.79,Good
4/21/2023,30.61,4.12,75.06,95.06,Bad
4/22/2023,30.76,4.1,56.64,59.41,Bad
4/23/2023,13.5,4.24,75.02,53.89,Bad
4/24/2023,23.37,5.44,58.57,90.69,Warning
4/25/2023,18.41,4.75,94.66,91.13,Good
4/26/2023,16.72,5.42,95.96,93.3,Warning
4/27/2023,26.72,4.27,99.24,57.52,Warning
4/28/2023,15.15,5.18,98.19,92.11,Warning
4/29/2023,21.54,5.12,64.89,63.67,Warning
4/30/2023,22.02,4.52,86.14,97.24,Good
5/1/2023,20.2,4.81,67.03,56.46,Warning
5/2/2023,22.48,4.76,53.72,83.59,Warning
5/3/2023,15.86,5.14,46.81,83.58,Warning
5/4/2023,28.2,4.56,71.21,92.61,Bad
5/5/2023,30.24,5.38,92.6,70.17,Bad
5/6/2023,24.58,5.18,82.24,60.65,Warning
5/7/2023,26.23,3.62,63.53,71.87,Warning
5/8/2023,20.92,4.86,70.84,89.18,Good
5/9/2023,28.51,3.81,91.74,97.48,Bad
5/10/2023,15.19,4.47,67.55,99,Warning
5/11/2023,13.73,4.46,78,62.01,Bad
5/12/2023,23.47,4.03,50.91,67.28,Warning
5/13/2023,21.75,4.98,80.05,58.62,Warning
5/14/2023,19.88,4.1,50.62,54.44,Warning
5/15/2023,21.57,3.98,52.38,68.21,Warning
5/16/2023,29.86,4.52,42.36,89.97,Bad
5/17/2023,19.2,4.61,92.41,96.04,Good
5/18/2023,21.55,4.39,88.37,87.41,Good
5/19/2023,19.88,4.21,62.23,74.23,Warning
5/20/2023,15.94,5.18,67.75,87.37,Warning
5/21/2023,24.31,4.66,70.7,76.61,Warning
5/22/2023,21.49,4.02,71.96,62.12,Warning
5/23/2023,18.97,3.79,41.2,66.1,Warning
5/24/2023,19.41,3.96,47.19,94.53,Warning
5/25/2023,28.75,4.94,87.35,74.92,Bad
5/26/2023,22.31,4.07,75.21,87.27,Good
5/27/2023,17.85,4.4,57.03,68.15,Warning
5/28/2023,25.7,5.45,61.37,99.33,Warning
5/29/2023,16.41,4.78,46.11,57.64,Warning
5/30/2023,19.4,4.26,51.19,64.25,Warning
5/31/2023,22.19,4.08,64.62,99.12,Warning
6/1/2023,21.04,4.05,98.17,93.28,Good
6/2/2023,19.69,4.88,50.25,83.43,Warning
6/3/2023,22.4,4.88,74.3,64,Warning
6/4/2023,19.35,4.79,59.42,71.27,Warning
6/5/2023,15.49,4.52,46.89,80.53,Warning
6/6/2023,24.55,3.67,49.26,74.06,Warning
6/7/2023,19.39,4.52,60.2,56.72,Warning
6/8/2023,26.03,4.21,55.28,84.08,Warning
6/9/2023,24.12,5.22,68.29,70.59,Warning
6/10/2023,24.31,4.4,89.84,98.25,Warning
6/11/2023,23.48,4.2,96.3,59.06,Warning
6/12/2023,22.35,4.42,74.47,92.09,Good
6/13/2023,23.35,4.29,52.1,58.18,Warning
6/14/2023,23.58,4.29,79.91,76.15,Good
6/15/2023,25.48,4.34,63.55,90.83,Warning
6/16/2023,13.85,4,67.76,65.07,Bad
6/17/2023,22.07,5.34,53.93,94.98,Warning
6/18/2023,25.32,3.39,94.39,81.21,Bad
6/19/2023,16.09,5.07,48.36,89.7,Warning
6/20/2023,24.53,5.64,93.63,89.43,Bad
6/21/2023,20.16,4.08,54.91,87.2,Warning
6/22/2023,22.29,4.26,85.75,93.84,Good
6/23/2023,26.15,4.24,46.64,92.32,Warning
6/24/2023,20.92,4.01,87.84,57.5,Warning
6/25/2023,25.03,4.04,83.2,82.06,Warning
6/26/2023,23.65,5.44,55.11,67.28,Warning
6/27/2023,14.89,5.25,67.72,97.36,Bad
6/28/2023,23.12,3.94,70.35,80.57,Warning
6/29/2023,22.44,4.86,81.8,96.12,Good
6/30/2023,18.84,4.74,74.58,80.34,Good
7/1/2023,28.37,4.24,96.06,96.28,Bad
7/2/2023,18.04,4.44,99.09,91.94,Good
7/3/2023,22.22,5.05,75.48,69.95,Warning
7/4/2023,21.37,4.29,88.17,50.23,Warning
7/5/2023,17.95,3.67,72.24,95.99,Warning
7/6/2023,16.84,3.85,84.25,72.61,Warning
7/7/2023,20.96,3.75,48.45,58.82,Warning
7/8/2023,11.21,4.47,94.89,68.12,Bad
7/9/2023,29.4,5.06,40.79,83.18,Bad
7/10/2023,20.92,3.95,45.12,99.84,Warning
7/11/2023,32.29,4.53,44.02,87.5,Bad
7/12/2023,22.79,4.43,52.31,59.53,Warning
7/13/2023,21.87,4.23,73.89,53.29,Warning
7/14/2023,20.98,5.25,71.46,72.04,Warning
7/15/2023,26.98,3.46,49.31,59.1,Bad
7/16/2023,16.37,4.11,78.64,70.44,Warning
7/17/2023,25.74,5.14,41.63,61.1,Warning
7/18/2023,24.89,3.94,41.18,55.21,Warning
7/19/2023,19.9,4.74,79.16,61.91,Warning
7/20/2023,21.04,4.31,83.34,92.78,Good
7/21/2023,20.56,5.08,80.09,60.25,Warning
7/22/2023,24.37,4.35,40.78,54.28,Warning
7/23/2023,23.3,3.87,65.29,94.63,Warning
7/24/2023,19.91,5.02,55.57,68.98,Warning
7/25/2023,15.77,4.8,77.45,70.47,Warning
7/26/2023,13.67,5.35,57.67,97.42,Bad
7/27/2023,19.82,4.7,92.11,74.37,Good
7/28/2023,22.46,4.58,65.51,51.12,Warning
7/29/2023,23.23,3.64,78.01,62.89,Warning
7/30/2023,22.68,4.41,99.06,76.28,Good
7/31/2023,19.84,4.11,41.1,95.71,Warning
8/1/2023,22.78,4.01,56.44,77.71,Warning
8/2/2023,26.12,4.74,52.39,50.55,Warning
8/3/2023,23.02,4.99,76.03,83.25,Good
8/4/2023,14.64,3.86,71.14,52.35,Bad
8/5/2023,24.07,4.14,44.97,80.16,Warning
8/6/2023,19.55,3.8,57.32,67.78,Warning
8/7/2023,18.1,5.03,73.98,73.8,Warning
8/8/2023,23.97,4.59,83.95,60.75,Warning
8/9/2023,19.7,4.56,69.78,79.84,Warning
8/10/2023,26.6,4.15,46.4,53.76,Warning
8/11/2023,21.86,5.39,81.3,71.74,Warning
8/12/2023,24.83,4.22,87.96,84.73,Warning
8/13/2023,24.49,3.71,61.66,54.58,Warning
8/14/2023,21.7,4.81,51.11,77.1,Warning
8/15/2023,23.52,4.81,88.39,82.94,Good
8/16/2023,25.34,4.73,54.98,74.47,Warning
8/17/2023,23.72,4.6,50.83,78.4,Warning
8/18/2023,17.68,5.03,95.46,98.55,Warning
8/19/2023,21.84,4.84,91.72,92.23,Good
8/20/2023,25.75,4.24,42.22,79.81,Warning
8/21/2023,20.26,4.35,44.62,84.81,Warning
8/22/2023,27.02,4.05,43.92,65.76,Warning
8/23/2023,27.79,4.6,59.13,81.29,Warning
8/24/2023,23.07,4.94,53.98,51.22,Warning
8/25/2023,22.33,5.03,96.34,89.94,Warning
8/26/2023,19.93,5.2,68.79,81.38,Warning
8/27/2023,20.22,5.23,65.28,86.88,Warning
8/28/2023,20.32,4.36,61.28,64.36,Warning
8/29/2023,17.98,4.12,42.53,50.89,Warning
8/30/2023,21.86,4.62,63.06,83.98,Warning
8/31/2023,25.94,4.39,96.68,73.37,Warning
9/1/2023,17.51,4.69,99.47,61.58,Warning
9/2/2023,22.67,4.75,76.46,75.63,Good
9/3/2023,19.45,4.23,53.23,59.32,Warning
9/4/2023,19.45,5.09,43.47,98.46,Warning
9/5/2023,27.68,4.21,81.76,57.69,Warning
9/6/2023,19.79,4.82,53.43,76.85,Warning
9/7/2023,28.19,5.4,45.49,93.87,Bad
9/8/2023,19.55,4.31,93.32,97.78,Good
9/9/2023,23.14,4.67,79.31,77.54,Good
9/10/2023,21.29,4.1,62.36,62.99,Warning
9/11/2023,21.87,5.4,44.86,61.01,Warning
9/12/2023,19.93,4.61,91.07,74.76,Good
9/13/2023,32.11,4.23,89.48,67.39,Bad
9/14/2023,24.73,5.42,56.02,93.93,Warning
9/15/2023,24.36,5.05,91.03,93.36,Warning
9/16/2023,25.28,4.75,81.85,84.01,Warning
9/17/2023,27.53,4.82,49.52,94.04,Warning
9/18/2023,21.33,4.57,60.11,87.18,Warning
9/19/2023,23.47,4.3,89.93,75.37,Good
9/20/2023,22.76,4.52,77.91,62.99,Warning
9/21/2023,24.58,5.58,86.79,55.35,Bad
9/22/2023,23,5.29,97.78,67.09,Warning
9/23/2023,24.43,4.59,46.15,96.86,Warning
9/24/2023,20.21,4.6,58.06,85.41,Warning
9/25/2023,22.53,4.15,60.75,81.05,Warning
9/26/2023,19.76,4.69,85.5,51.23,Warning
9/27/2023,28.26,4.47,81,72.3,Bad
9/28/2023,16.21,3.4,49.82,89.74,Bad
9/29/2023,17.92,4.85,44.94,84.02,Warning
9/30/2023,16.88,4.94,97.05,57.55,Warning
10/1/2023,24.6,4.45,65.18,81.93,Warning
10/2/2023,15.9,4.15,99.04,70.47,Warning
10/3/2023,21.04,4.68,52.79,51.56,Warning
10/4/2023,16.99,5.22,91.86,73.66,Warning
10/5/2023,23.37,4.73,86.26,92.24,Good
10/6/2023,24.57,5.16,47.87,51.63,Warning
10/7/2023,22.79,4.85,87.79,74.08,Good
10/8/2023,19.29,5.4,52.03,74.58,Warning
10/9/2023,22.51,4.16,56.14,89.88,Warning
10/10/2023,20.22,3.56,40.7,53.62,Warning
10/11/2023,20.19,3.29,76,64.58,Bad
10/12/2023,25.14,4.71,86.79,51.98,Warning
10/13/2023,18.13,4.48,54.52,99.33,Warning
10/14/2023,21.99,3.92,77.09,85.12,Warning
10/15/2023,21.12,4.51,59.59,75.89,Warning
10/16/2023,21.01,4.16,41.99,53.93,Warning
10/17/2023,17.99,4.36,74.05,84.47,Warning
10/18/2023,19.72,4.79,50.05,55.23,Warning
10/19/2023,27.6,4.96,41.9,96.81,Warning
10/20/2023,22.24,4.18,82.54,93.55,Good
10/21/2023,25.58,4.82,60.37,90.74,Warning
10/22/2023,27.27,4.6,67.14,82.18,Warning
10/23/2023,28.94,4.6,44.9,53.02,Bad
10/24/2023,19.39,4.26,92.31,60.96,Warning
10/25/2023,24.09,4.21,79.52,74.91,Warning
10/26/2023,28.91,4.72,53.71,99.82,Bad
10/27/2023,22.15,4.56,51.97,84.01,Warning
10/28/2023,20.97,3.67,92.1,86.36,Warning
10/29/2023,20.07,5.29,60.76,68.55,Warning
10/30/2023,22.9,5.02,66.32,86.26,Warning
10/31/2023,26.31,4.48,94.04,71.09,Warning
11/1/2023,24.61,3.71,94.74,60.53,Warning
11/2/2023,27.91,5.19,83.99,56.58,Warning
11/3/2023,23.98,4.63,50.78,61.88,Warning
11/4/2023,21.9,5.09,54.83,93.54,Warning
11/5/2023,25.09,3.08,61.55,79.65,Bad
11/6/2023,20.55,3.94,98.16,62.91,Warning
11/7/2023,16.82,5.08,86.41,56.54,Warning
11/8/2023,21.81,4.74,54.16,53.67,Warning
11/9/2023,22.31,3.86,60.22,91.44,Warning
11/10/2023,15.77,4.29,77.03,85.34,Warning
11/11/2023,20.61,4.33,42.2,86.82,Warning
11/12/2023,20.71,5.54,90.65,90.28,Bad
11/13/2023,26.12,4.62,52.35,55.6,Warning
11/14/2023,21.71,4.48,71.87,96.83,Good
11/15/2023,24.93,4.46,58.97,75.36,Warning
11/16/2023,25.67,4.67,67.28,75.78,Warning
11/17/2023,30.35,4.43,48.38,51.5,Bad
11/18/2023,26.43,3.98,52.11,83.67,Warning
11/19/2023,19.5,5.46,92.09,58.86,Warning
11/20/2023,25.48,4.75,96.68,84.16,Warning
11/21/2023,31.61,4.47,92.13,78.53,Bad
11/22/2023,26.42,5.09,52.94,82.94,Warning
11/23/2023,28.53,3.93,46.4,82.89,Bad
11/24/2023,21.74,4.66,92.25,89.12,Good
11/25/2023,28.45,4.73,92.71,70.21,Bad
11/26/2023,26.76,3.89,88.47,88.11,Warning
11/27/2023,20.81,5.19,89.07,56.01,Warning
11/28/2023,21.31,4.51,59.48,68.32,Warning
11/29/2023,28.38,4.08,63.31,72.43,Bad
11/30/2023,19.44,3.84,53.64,53.66,Warning
12/1/2023,28.57,5,77.17,73.17,Bad
12/2/2023,25.93,4.34,71.14,73.96,Warning
12/3/2023,16.44,3.68,74.81,76.68,Warning
12/4/2023,27.54,4.78,88.78,85.91,Warning
12/5/2023,25.04,4.64,54.61,96.35,Warning
12/6/2023,18.98,4.36,69.15,62.84,Warning
12/7/2023,18.05,3.95,88.18,76.96,Warning
12/8/2023,25.67,3.71,82.97,63.63,Warning
12/9/2023,18.07,4.39,50.87,84.06,Warning
12/10/2023,22.42,3.83,82.54,55.34,Warning
12/11/2023,15.63,4.72,97.78,74.18,Warning
12/12/2023,22.9,5.18,42.6,81.66,Warning
12/13/2023,22.49,4.77,89.15,94.21,Good
12/14/2023,19.19,4.17,76.66,70.55,Good
12/15/2023,17.02,4.15,86.83,63.74,Warning
12/16/2023,20.82,5.12,80.05,54.78,Warning
12/17/2023,18.66,5.57,75.2,58.4,Bad
12/18/2023,24.54,4.71,53,54.79,Warning
12/19/2023,22.18,4.43,76.43,77.33,Good
12/20/2023,19.77,3.82,75.67,74.84,Warning
12/21/2023,18.79,5.32,65.69,85.88,Warning
12/22/2023,24.28,5.31,56.45,53.97,Warning
12/23/2023,19.67,3.99,53.6,67.75,Warning
12/24/2023,22.14,4.12,44.06,90.02,Warning
12/25/2023,22.94,3.72,92.8,82.54,Warning
12/26/2023,14.03,4.69,59.98,83.47,Bad
12/27/2023,28.69,4.71,67.91,53.01,Bad
12/28/2023,24.23,4.54,50.52,84.5,Warning
12/29/2023,22.68,3.79,45.8,72.52,Warning
12/30/2023,19.06,5.12,79.89,89.77,Warning
12/31/2023,17.63,4.34,99.55,96.35,Warning
1/1/2024,26.85,4.57,71.26,81.18,Warning
1/2/2024,22.77,4.35,47.66,91.3,Warning
1/3/2024,24.83,4.98,42.17,65.16,Warning
1/4/2024,18.86,3.83,45.26,96.85,Warning
1/5/2024,14.66,4.75,63.82,72.36,Bad
1/6/2024,23.55,5.75,95.16,74.85,Bad
1/7/2024,22.33,4.45,62.84,93.9,Warning
1/8/2024,23.07,4.66,87.4,65.23,Warning
1/9/2024,21.3,4.12,50.41,84.75,Warning
1/10/2024,22.11,4.5,78.46,91.12,Good
1/11/2024,21.9,4.91,76.38,88.24,Good
1/12/2024,22.04,3.84,63.92,57.32,Warning
1/13/2024,19.56,4.41,41.55,56.76,Warning
1/14/2024,22.23,4.76,97.95,71.62,Good
1/15/2024,22.26,3.51,66.37,55.28,Warning
1/16/2024,17.16,4.8,77.18,82.51,Warning
1/17/2024,21.15,5.25,43.49,99.74,Warning
1/18/2024,22.59,4.33,99.02,61.96,Warning
1/19/2024,19.55,4.35,81.53,53.11,Warning
1/20/2024,22.64,4.5,88.84,80.76,Good
1/21/2024,25.8,3.76,71.62,71.3,Warning
1/22/2024,16.53,4.39,62.07,70.71,Warning
1/23/2024,24.17,4.88,86.16,50.55,Warning
1/24/2024,19.69,3.2,41.15,62.99,Bad
1/25/2024,19.82,4.7,72.12,60.76,Warning
1/26/2024,21.94,4.79,46.58,77.4,Warning
1/27/2024,26.79,4.42,45.88,74.41,Warning
1/28/2024,20.23,4.06,84.24,73.8,Good
1/29/2024,16.51,3.69,67.57,89.25,Warning
1/30/2024,19.32,5.02,81.29,71.88,Warning
1/31/2024,24.71,4.26,42.31,95.09,Warning
2/1/2024,30.63,4.2,79.56,94.76,Bad
2/2/2024,27.21,5.28,44,75.92,Warning
2/3/2024,23.84,4.16,70.73,84.01,Good
2/4/2024,20.54,4.59,44.28,50.61,Warning
2/5/2024,16.61,4.01,60.98,88.73,Warning
2/6/2024,17.81,4.77,50.45,54.92,Warning
2/7/2024,26.74,4.86,55.9,51.05,Warning
2/8/2024,25.98,4.12,77.48,69.1,Warning
2/9/2024,20.71,4.37,76.9,88.73,Good
2/10/2024,23.82,5.58,42.52,98.42,Bad
2/11/2024,19.43,4.96,98.8,80.09,Good
2/12/2024,28.11,4.75,88.71,82.82,Bad
2/13/2024,20.54,4.08,95.69,61.23,Warning
2/14/2024,17.82,3.52,66.36,80.65,Warning
2/15/2024,21.11,4.36,93.22,82.29,Good
2/16/2024,25.44,4.21,91.68,92.33,Warning
2/17/2024,21.33,4.64,85.3,73.03,Good
2/18/2024,23.96,4.87,86.59,82.81,Good
2/19/2024,22.72,3.85,99.08,96.87,Warning
2/20/2024,23.6,4.17,89.07,60.68,Warning
2/21/2024,26.95,4.51,83.97,77.11,Warning
2/22/2024,22.96,5.8,57.85,78.25,Bad
2/23/2024,25.01,4.69,78.18,88.06,Warning
2/24/2024,21.45,3.89,40.56,62.33,Warning
2/25/2024,21.16,4.07,88,60.2,Warning
2/26/2024,28.68,4.7,76.96,59.4,Bad
2/27/2024,26.79,4.2,73.25,50.26,Warning
2/28/2024,18.86,4.82,97.48,68.4,Warning
2/29/2024,18.45,4.28,58.34,93.83,Warning
3/1/2024,28.91,4.3,93.17,79.65,Bad
3/2/2024,16.33,3.62,81.74,50.16,Warning
3/3/2024,15.9,5.13,87.65,54.65,Warning
3/4/2024,19.79,5.78,78.54,53.24,Bad
3/5/2024,28.17,5.5,73.64,80.17,Bad
3/6/2024,26.1,4.8,56.19,91.25,Warning
3/7/2024,18.73,4.5,43.51,66.71,Warning
3/8/2024,24.79,4.98,87.32,75.86,Warning
3/9/2024,17.43,4.4,59.69,71.7,Warning
3/10/2024,21.67,4.44,75.89,86.78,Good
3/11/2024,17.9,5.43,78.17,89.28,Warning
3/12/2024,21.09,4.02,90.39,69.19,Warning
3/13/2024,29.54,5.27,51.07,68.11,Bad
3/14/2024,22.56,3.62,57.92,97.03,Warning
3/15/2024,20.14,3.7,92.36,92.1,Warning
3/16/2024,24.05,4.23,67.49,74.15,Warning
3/17/2024,21.89,5.39,66.21,86.48,Warning
3/18/2024,19.59,4.73,76.61,56.77,Warning
3/19/2024,25.06,5.11,97.4,53.45,Warning
3/20/2024,21.6,4.4,55.7,62.35,Warning
3/21/2024,21.09,4.68,56.32,87.97,Warning
3/22/2024,27.97,4.36,43.92,74.38,Warning
3/23/2024,12.3,4.94,60.84,94.99,Bad
3/24/2024,22.27,4.76,96.21,52.61,Warning
3/25/2024,15.75,4.24,83.85,99.06,Warning
3/26/2024,25.18,3.87,51.89,78.27,Warning
3/27/2024,23.87,4.48,76.51,67.48,Warning
3/28/2024,19.06,4.09,91.04,78.06,Good
3/29/2024,17.94,4.53,91.61,86.14,Warning
3/30/2024,22.71,4.32,72.61,54.09,Warning
3/31/2024,17.71,3.04,49.95,97.28,Bad
4/1/2024,23.75,4.95,67.74,70.59,Warning
4/2/2024,24.48,5.53,43.74,75.63,Bad
4/3/2024,21.27,5.19,43.12,89.31,Warning
4/4/2024,19.42,4.1,49.88,66.51,Warning
4/5/2024,22.49,5.31,52.29,93.89,Warning
4/6/2024,20.83,3.72,99.1,88.6,Warning
4/7/2024,25.53,4.46,72.32,74.89,Warning
4/8/2024,23.2,4.12,89.33,69.02,Warning
4/9/2024,22.45,3.78,57.23,89.64,Warning
4/10/2024,29.49,5.04,87.87,69.8,Bad
4/11/2024,22.27,4.93,49.48,84.79,Warning
4/12/2024,19.43,5.01,91.43,95.31,Warning
4/13/2024,20.66,4.3,51.05,94.7,Warning
4/14/2024,18.18,4.71,66.42,80.76,Warning
4/15/2024,22.1,5.21,98.03,70.89,Warning
4/16/2024,17.75,4.71,92.92,71.37,Warning
4/17/2024,26.75,5.79,83.16,94.51,Bad
4/18/2024,22.78,4.32,51.24,92.91,Warning
4/19/2024,22.67,5.16,82.61,65.72,Warning
4/20/2024,27.27,4.44,67.56,67.89,Warning
4/21/2024,27.19,4.49,60.11,58.69,Warning
4/22/2024,25.36,4.77,46.04,61.99,Warning
4/23/2024,20.43,4.04,67.02,87.44,Warning
4/24/2024,26.87,5.26,61.14,92.07,Warning
4/25/2024,23.61,4.49,78.05,56.31,Warning
4/26/2024,17.28,5.09,81.18,53.48,Warning
4/27/2024,23.13,4.37,53.63,91.85,Warning
4/28/2024,25.49,3.83,81.65,75.63,Warning
4/29/2024,18,4.16,41.99,65.2,Warning
4/30/2024,24.06,4.59,92.27,88.3,Warning
5/1/2024,24.54,5.05,55.62,95.36,Warning
5/2/2024,24.69,5.45,46.66,72.35,Warning
5/3/2024,26.43,4.44,72.8,69.02,Warning
5/4/2024,19.86,4.45,84.39,95.9,Good
5/5/2024,24.84,4.28,57.53,95.54,Warning
5/6/2024,24.96,4.81,41.08,98.14,Warning
5/7/2024,18.26,5.04,89.76,64.08,Warning
5/8/2024,23.47,5.42,45.79,62.09,Warning
5/9/2024,21.92,4.35,58.08,79.92,Warning
5/10/2024,17.79,3.97,84.59,52.41,Warning
5/11/2024,25.8,5.36,93.54,59.27,Warning
5/12/2024,21.58,4.42,87.67,51.73,Warning
5/13/2024,22.28,5.08,43.82,91.57,Warning
5/14/2024,18.29,4.62,45.63,95.48,Warning
5/15/2024,25.9,4.75,92.74,78.59,Warning
5/16/2024,11.19,4.84,59.02,71.73,Bad
5/17/2024,24.04,5.19,93.55,72.17,Warning
5/18/2024,28.45,5.16,75.5,85.13,Bad
5/19/2024,22.3,3.7,46.25,69.23,Warning
5/20/2024,30.68,4.41,97.03,80.03,Bad
5/21/2024,22.17,5.35,78.05,53.55,Warning
5/22/2024,19.03,3.84,68.35,52.28,Warning
5/23/2024,20.28,4.15,98.29,66.57,Warning
5/24/2024,16.37,4.46,76.65,64.03,Warning
5/25/2024,22.33,3.77,40.33,50.38,Warning
5/26/2024,20.76,4.12,88.16,78.6,Good
5/27/2024,14.5,4.56,95.91,69.85,Bad
5/28/2024,22.85,4.12,46.83,67.26,Warning
5/29/2024,26.3,4.51,69.61,85.11,Warning
5/30/2024,19.17,3.74,65.31,70.55,Warning
5/31/2024,23.07,4.75,76.47,65.47,Warning
6/1/2024,20.07,4.57,55.46,52.98,Warning
6/2/2024,28.45,4.95,46.87,69.19,Bad
6/3/2024,13.39,4.14,47.26,70.95,Bad
6/4/2024,21.47,4.54,44.81,67.74,Warning
6/5/2024,22.67,4.72,80.72,68.1,Warning
6/6/2024,21.61,4.51,78.17,95.66,Good
6/7/2024,25.81,4.64,83.44,56.03,Warning
6/8/2024,17.43,4.55,40.7,71.1,Warning
6/9/2024,21.49,3.56,74.63,52.19,Warning
6/10/2024,22.64,3.99,60.59,86.46,Warning
6/11/2024,25.88,4.71,81.55,71.5,Warning
6/12/2024,17.23,4.96,58.38,89.45,Warning
6/13/2024,27.57,4.37,89.35,92.88,Warning
6/14/2024,21.46,4.91,59.13,79.11,Warning
6/15/2024,27.22,3.67,82.34,84.42,Warning
6/16/2024,17.64,4.29,65.83,57.13,Warning
6/17/2024,20.77,4.89,49.27,51.27,Warning
6/18/2024,27.24,5.2,60.44,53.59,Warning
6/19/2024,15.27,4.1,80.63,80.29,Warning
6/20/2024,17.06,4.2,99.28,72.7,Warning
6/21/2024,18.76,4.71,69.14,51.38,Warning
6/22/2024,24.19,4.5,63.05,51.95,Warning
6/23/2024,21.65,4.31,49.6,51.17,Warning
6/24/2024,20.96,5.3,57.35,95,Warning
6/25/2024,24.79,4.33,76.18,91.34,Warning
6/26/2024,21.57,4.72,63.13,67.02,Warning
6/27/2024,17.22,4.57,73.22,77.09,Warning
6/28/2024,24.55,4.75,66.43,65.12,Warning
6/29/2024,18.85,4.19,43.46,67.12,Warning
6/30/2024,14.08,4.87,74.83,56.96,Bad
7/1/2024,30.3,4.04,69.33,70.09,Bad
7/2/2024,26.4,5.48,77.24,60.07,Warning
7/3/2024,20.14,4.45,68.53,77.15,Warning
7/4/2024,23.01,4.73,72,93.5,Good
7/5/2024,23.23,4.3,47.49,89.71,Warning
7/6/2024,24.49,4.32,96.64,57.44,Warning
7/7/2024,23.51,4.49,69,93.18,Warning
7/8/2024,14.91,5.13,57.15,60.16,Bad
7/9/2024,19.62,5.19,70.68,74.62,Warning
7/10/2024,26.22,4.61,98.84,70.38,Warning
7/11/2024,24.08,4.82,74.41,97.8,Warning
7/12/2024,21.21,4.42,91.24,71.96,Good
7/13/2024,24.37,3.03,77.6,96.32,Bad
7/14/2024,21.93,4.31,81.26,86.14,Good
7/15/2024,18.91,4.7,57.96,67.94,Warning
7/16/2024,19.49,4.93,52.64,97.87,Warning
7/17/2024,25.81,4.76,57.68,50.72,Warning
7/18/2024,24.9,4.76,84.43,57.14,Warning
7/19/2024,25.2,4.88,79.51,88.31,Warning
7/20/2024,23.41,5.04,45.32,74.38,Warning
7/21/2024,21.35,4.13,64.43,53.3,Warning
7/22/2024,18.83,4.35,88.49,97.38,Good
7/23/2024,14.43,4.61,44.61,75.03,Bad
7/24/2024,24.64,4.97,43.01,53.65,Warning
7/25/2024,15.57,4.12,53.94,64.05,Warning
7/26/2024,25.32,4.4,59.29,73.82,Warning
7/27/2024,24.54,3.88,98.74,80.17,Warning
7/28/2024,27.44,3.85,47.38,94.43,Warning
7/29/2024,9.92,4.59,75.15,81.24,Bad
7/30/2024,22.84,4.25,54.52,85.7,Warning
7/31/2024,23.91,4.75,73.15,76.01,Good
8/1/2024,23.57,4.25,56.28,74.83,Warning
8/2/2024,19.22,4.3,77.77,52.72,Warning
8/3/2024,18.71,5.06,40.01,75.56,Warning
8/4/2024,20.69,4.58,90.36,50.19,Warning
8/5/2024,25.3,4.07,58.98,55.09,Warning
8/6/2024,16.62,4.09,90.56,65.67,Warning
8/7/2024,23.05,4.6,66.03,95.5,Warning
8/8/2024,23.56,4.45,45.36,84.35,Warning
8/9/2024,12.24,4.43,77.96,85.19,Bad
8/10/2024,25.86,5.12,97.96,88.05,Warning
8/11/2024,22.35,4.6,57.88,55.27,Warning
8/12/2024,24.46,5.1,42.89,68,Warning
8/13/2024,22,4.8,65.96,72.88,Warning
8/14/2024,19.8,3.89,62.19,52.62,Warning
8/15/2024,20.19,5.23,89.33,92.52,Warning
8/16/2024,24.49,3.93,68.34,94.01,Warning
8/17/2024,24.68,3.96,76.47,64.77,Warning
8/18/2024,23.51,4.05,84.32,65.78,Warning
8/19/2024,17.24,5.32,82.79,59.96,Warning
8/20/2024,20.69,4.8,62.07,52.9,Warning
8/21/2024,22.16,4,56.06,91.77,Warning
8/22/2024,21.09,4,69.57,70.21,Warning
8/23/2024,31.65,4.89,40.6,73.2,Bad
8/24/2024,22.09,4.77,80.65,65.59,Warning
8/25/2024,24.86,4.86,71.28,98.8,Warning
8/26/2024,24.69,4.8,47.21,63.28,Warning
8/27/2024,22.41,5.27,60.89,68.59,Warning
8/28/2024,22.66,4.53,90.82,51.18,Warning
8/29/2024,22.69,4.62,86.82,72.9,Good
8/30/2024,15.6,4.09,43.94,61.41,Warning
8/31/2024,21.59,3.68,84.85,73.69,Warning
9/1/2024,22.08,4.62,97.77,53.78,Warning
9/2/2024,16.96,4.19,51.75,57.04,Warning
9/3/2024,27.13,4.78,74.7,57.35,Warning
9/4/2024,23.99,5.07,63.29,83.71,Warning
9/5/2024,18.76,3.87,95.05,64.53,Warning
9/6/2024,25.95,4.46,82.46,53.11,Warning
9/7/2024,18.66,5.54,48.06,97.9,Bad
9/8/2024,15.57,4.59,70.04,83.98,Warning
9/9/2024,21.24,4.32,88.42,72.98,Good
9/10/2024,13.15,5.27,42.63,58.29,Bad
9/11/2024,16.3,4.37,43,92.18,Warning
9/12/2024,20.28,4.79,97.64,59.85,Warning
9/13/2024,15.61,4.73,66.22,79.68,Warning
9/14/2024,22.76,4.17,98.87,59.51,Warning
9/15/2024,23.7,4.51,85.44,58.08,Warning
9/16/2024,29.22,4.4,54.84,82.03,Bad
9/17/2024,18.17,4.74,73.91,88.58,Good
9/18/2024,20.75,4.5,40.54,67.85,Warning
9/19/2024,17,4.8,59.3,92.4,Warning
9/20/2024,20.12,4.63,65.72,51.46,Warning
9/21/2024,30.4,4.38,47.11,64.44,Bad
9/22/2024,24.98,4.41,99.6,52.25,Warning
9/23/2024,19.4,5.16,63.55,87.71,Warning
9/24/2024,14.53,5,87.25,62.55,Bad
9/25/2024,14.12,4.95,79.4,62.02,Bad
9/26/2024,22.06,4.02,53.25,51.95,Warning
9/27/2024,20.37,4.84,97.03,79.08,Good
9/28/2024,29.91,3.72,71,87.94,Bad
9/29/2024,18.4,3.83,93.65,97.32,Warning
9/30/2024,21.24,4.96,86.82,73.82,Good
10/1/2024,16.2,4.49,75.47,59.31,Warning
10/2/2024,25.55,4.29,52.42,53.56,Warning
10/3/2024,11.58,4.6,88.65,91.79,Bad
10/4/2024,26.94,3.96,86.27,82.73,Warning
10/5/2024,14.89,4.66,65.51,51.88,Bad
10/6/2024,23.39,4.26,40,70.83,Warning
10/7/2024,19.3,4.52,98.38,61.31,Warning
10/8/2024,17.65,3.96,53.82,50.07,Warning
10/9/2024,24.72,3.93,84.51,92.42,Warning
10/10/2024,15.1,4.16,59.52,85.63,Warning
10/11/2024,20.14,4.73,62.26,95.1,Warning
10/12/2024,19.61,5.21,75.44,83.05,Warning
10/13/2024,22.34,4.1,82.56,58.37,Warning
10/14/2024,23.67,5.2,97.13,52.12,Warning
10/15/2024,24.6,3.75,57.79,85.72,Warning
10/16/2024,20.46,4.63,70.83,75.44,Good
10/17/2024,24.43,4.41,89.65,84.86,Warning
10/18/2024,20.72,5.4,95.26,84.73,Warning
10/19/2024,24.66,4.71,56.44,90.35,Warning
10/20/2024,19.77,3.95,60.14,98.93,Warning
10/21/2024,23.76,4.89,83.62,78.1,Good
10/22/2024,21.98,4.83,62.83,58.15,Warning
10/23/2024,24.78,4.92,63.06,51.26,Warning
10/24/2024,15.93,4.32,82.29,90.86,Warning
10/25/2024,24,4.52,43.1,75.24,Warning
10/26/2024,24.8,4.71,50.76,90,Warning
10/27/2024,13.39,5.05,47.9,93.26,Bad
10/28/2024,20.08,4.07,57.4,93.57,Warning
10/29/2024,26.24,4.81,55.03,81.24,Warning
10/30/2024,26.85,4.63,94.37,50.61,Warning
10/31/2024,20.52,4.57,72.93,64.38,Warning
11/1/2024,17.88,3.82,77.28,66.7,Warning
11/2/2024,19.48,5.27,44.1,89.19,Warning
11/3/2024,19.86,3.65,81.13,66.62,Warning
11/4/2024,21.38,4.23,96.67,82.09,Good
11/5/2024,26.47,5.22,51.94,70.92,Warning
11/6/2024,20.35,4.63,56.67,63.82,Warning
11/7/2024,23.38,4.48,44.05,75.94,Warning
11/8/2024,21.08,4.04,84.27,85.23,Good
11/9/2024,14.62,4.04,63.86,63.21,Bad
11/10/2024,21.67,3.78,56.11,64.37,Warning
11/11/2024,22.83,4.53,76.22,53.85,Warning
11/12/2024,19.81,4.36,75.94,81.18,Good
11/13/2024,16.8,4.91,40.91,98.25,Warning
11/14/2024,25.25,3.93,82.4,80.5,Warning
11/15/2024,17.51,4.04,75.86,93.3,Warning
11/16/2024,24.21,4.67,52.16,79.38,Warning
11/17/2024,26.19,5.08,64.49,50.77,Warning
11/18/2024,15.88,4.76,67.02,97.88,Warning
11/19/2024,26.5,4.33,51.31,83.62,Warning
11/20/2024,21.91,4.41,45.56,87.42,Warning
11/21/2024,21.47,4.91,55.52,71.72,Warning
11/22/2024,29,5.19,78.26,62.1,Bad
11/23/2024,19.99,4.63,51.96,93.87,Warning
11/24/2024,18.86,4.15,56.25,62.38,Warning
11/25/2024,21.73,4.14,83.96,80.34,Good
11/26/2024,19.68,4.62,97.09,91.92,Good
11/27/2024,24,4.74,95.96,77.21,Good
11/28/2024,23.93,3.88,84.57,86.9,Warning
11/29/2024,18.95,4.52,62.27,96.04,Warning
11/30/2024,26.29,5.68,56.13,68.42,Bad
12/1/2024,23.22,4.86,87.24,72.72,Good
12/2/2024,16.65,4.85,82.33,71.38,Warning
12/3/2024,29.97,4.12,96.18,53.2,Bad
12/4/2024,19.8,4.93,66.64,51.1,Warning
12/5/2024,22.1,3.54,43.37,74.55,Warning
12/6/2024,20.03,5.22,79.31,63.01,Warning
12/7/2024,20.88,4.36,44.23,59.28,Warning
12/8/2024,25.16,4.67,88.85,84.26,Warning
12/9/2024,20.67,4.19,58.59,62.5,Warning
12/10/2024,33.8,5.12,61.41,67.69,Bad
12/11/2024,23.93,4.77,58.47,95.69,Warning
12/12/2024,21.5,4.66,61.27,75.28,Warning
12/13/2024,21.08,4.07,73.2,75.16,Good
12/14/2024,23.47,4.34,80.62,91.9,Good
12/15/2024,23.68,4.8,66.35,80.53,Warning
12/16/2024,23.89,4.04,50.76,84.7,Warning
12/17/2024,20.33,4.35,49.92,50.1,Warning
12/18/2024,25.9,4.96,70.9,58.07,Warning
12/19/2024,19.16,3.87,46.32,61.12,Warning
12/20/2024,31.71,4.72,54.72,52.89,Bad
12/21/2024,16.49,4.22,53.17,97.99,Warning
12/22/2024,26.09,5.54,64.95,71.45,Bad
12/23/2024,29.48,4.69,82.13,58.58,Bad
12/24/2024,11.46,4.5,92.23,81.57,Bad
12/25/2024,17.94,4.54,76.34,55.86,Warning
12/26/2024,18.42,4.3,81.52,60.31,Warning
12/27/2024,25.43,4.38,52.26,75.39,Warning
12/28/2024,20.8,4.47,87.57,53.45,Warning
12/29/2024,32.48,3.94,77.71,84.43,Bad
12/30/2024,23.12,5.38,90.17,91.07,Warning
12/31/2024,21.79,5.11,60.02,89.58,Warning
1/1/2025,16.72,4.4,91.3,94.13,Warning
1/2/2025,18.8,4.47,63.27,90.18,Warning
1/3/2025,21.83,4.53,44.02,93.87,Warning
1/4/2025,25.39,3.38,98.08,53.33,Bad
1/5/2025,19.57,4.61,62.53,90.19,Warning
1/6/2025,14.49,4.81,53.21,67.53,Bad
1/7/2025,19.5,4.41,62.17,73.21,Warning
1/8/2025,25.59,5.14,82.53,50.42,Warning
1/9/2025,24.61,3.93,69.04,50.27,Warning
1/10/2025,24.4,4.83,72.91,53.32,Warning
1/11/2025,23.83,5.23,86.92,87.59,Warning
1/12/2025,22.34,5.21,48.42,83.56,Warning
1/13/2025,27.61,4.85,50.19,59.75,Warning
1/14/2025,23.19,4.73,94.49,87.94,Good
1/15/2025,28.8,5.04,93.35,78.94,Bad
1/16/2025,17.87,4.7,68.44,85.82,Warning
1/17/2025,18.61,4.17,58.83,62.08,Warning
1/18/2025,20.52,3.8,94.47,75.35,Warning
1/19/2025,18.37,5.26,89.31,82.98,Warning
1/20/2025,19.37,4.93,81.54,63.2,Warning
1/21/2025,22.69,4.78,59.47,63.48,Warning
1/22/2025,24.39,4.03,53.12,79.77,Warning
1/23/2025,25.39,3.88,88.9,88.9,Warning
1/24/2025,19.21,4.79,45.3,84.95,Warning
1/25/2025,17.97,3.52,41.87,62.98,Warning
1/26/2025,23.4,3.72,42.34,83.34,Warning
1/27/2025,24.72,4.35,93.29,66.26,Warning
1/28/2025,23.34,4.66,54.94,78.84,Warning
1/29/2025,25.03,4.81,91.48,99.88,Warning
1/30/2025,17.93,4.38,41.35,68.02,Warning
1/31/2025,23.34,5.22,58.77,82.72,Warning
2/1/2025,24.49,5.16,85.74,51.95,Warning
2/2/2025,23.55,5.05,73.8,81.23,Warning
2/3/2025,23,5.02,74.86,99.53,Warning
2/4/2025,20.59,5.28,82.44,69.46,Warning
2/5/2025,24,3.8,95.69,96.46,Warning
2/6/2025,23.47,3.45,52.7,99.78,Bad
2/7/2025,24.5,4.94,75.59,52.67,Warning
2/8/2025,29.82,4.25,80.65,68.66,Bad
2/9/2025,29.85,4.5,81.83,82.43,Bad
2/10/2025,19.03,4.26,78.16,79.97,Good
2/11/2025,24.25,4.06,67.31,83.39,Warning
2/12/2025,20.66,4.67,41.15,88.96,Warning
2/13/2025,28.22,4.93,90.29,90.14,Bad
2/14/2025,22.17,4.78,69.31,70.09,Warning
2/15/2025,22.97,3.92,56.62,96.07,Warning
2/16/2025,29.02,5.29,61.3,52.6,Bad
2/17/2025,21.7,4.27,45.07,80.34,Warning
2/18/2025,17.48,4.81,91.78,94.3,Warning
2/19/2025,24.52,4.1,57.19,90.13,Warning
2/20/2025,23.01,4.91,98.4,73.25,Good
2/21/2025,19.93,4.4,98.52,90.85,Good
2/22/2025,21.18,4.13,44.26,60.54,Warning
2/23/2025,21.29,3.73,56.11,55.05,Warning
2/24/2025,20.98,4.38,98.38,87.96,Good
2/25/2025,21.75,4.74,56.7,89.91,Warning
2/26/2025,17.19,3.98,53.95,56.48,Warning
2/27/2025,18.92,3.85,80.44,53.13,Warning
2/28/2025,24.38,4.22,48.82,67.13,Warning
3/1/2025,21.87,4.08,58.15,78.17,Warning
3/2/2025,20.56,4.65,74.84,75.28,Good
3/3/2025,23.4,4,56.42,74.39,Warning
3/4/2025,21.68,4.08,58.39,91.12,Warning
3/5/2025,21.53,4.18,67.51,86.25,Warning
3/6/2025,29.33,4.91,86.62,93.11,Bad
3/7/2025,23.58,3.54,90.41,99.47,Warning
3/8/2025,20.88,4.92,51.71,74.47,Warning
3/9/2025,21.79,5.35,68.99,91.91,Warning
3/10/2025,25.81,4.32,64.41,66.41,Warning
3/11/2025,28.25,4.36,47.56,59.82,Bad
3/12/2025,29.62,5.31,69.38,82.24,Bad
3/13/2025,23.18,3.74,62.33,83.08,Warning
3/14/2025,22.87,3.95,51.12,63.93,Warning
3/15/2025,19.57,4.23,89.54,64.29,Warning
3/16/2025,17.58,4.61,62.47,89.89,Warning
3/17/2025,19.13,4.38,73.41,92.26,Good
3/18/2025,19.88,4.74,80.37,61.03,Warning
3/19/2025,23.63,4.35,54.98,63.16,Warning
3/20/2025,24.14,5.11,85.02,57.6,Warning
3/21/2025,13.65,4.21,45.63,74.31,Bad
3/22/2025,18.25,4.17,54.29,95.42,Warning
3/23/2025,13.05,3.44,85.63,57.72,Bad
3/24/2025,11.01,4.25,75.81,99.98,Bad
3/25/2025,19.9,5.19,89.65,58.54,Warning
3/26/2025,22.57,3.43,76.91,95.53,Bad
3/27/2025,24.03,6.46,43.01,51.75,Bad
3/28/2025,13.66,5.36,90.35,58.03,Bad
3/29/2025,21.82,4.29,54.25,52.48,Warning
3/30/2025,19.72,4.66,76.5,64.05,Warning
3/31/2025,20.34,3.93,88.09,69.6,Warning
4/1/2025,19.86,4.68,86.37,61.85,Warning
4/2/2025,24.74,5.42,95.75,69.37,Warning
4/3/2025,22.39,5.15,86.51,61.72,Warning
4/4/2025,21.22,4.47,97.69,83.39,Good
4/5/2025,21.54,4.61,76.69,83.92,Good
4/6/2025,25.48,4.27,96.83,94.24,Warning
4/7/2025,18.44,4.98,56.9,98.17,Warning
4/8/2025,25.5,5.24,99.41,65.59,Warning
4/9/2025,19.58,4.39,66.57,63.05,Warning
4/10/2025,25.99,4.27,96.13,59.29,Warning
4/11/2025,24.56,4.4,43.71,54.62,Warning
4/12/2025,23.3,3.93,49.03,98.4,Warning
4/13/2025,22.34,3,54.8,73.55,Bad
4/14/2025,26.82,4.89,85.23,78.89,Warning
4/15/2025,18.2,5.37,64.14,94.23,Warning
4/16/2025,26.54,3.95,56.3,59.53,Warning
4/17/2025,19.88,3.97,65.8,91.55,Warning
4/18/2025,23.41,4.21,71.89,64.4,Warning
4/19/2025,14.35,4.47,75.76,71.69,Bad
4/20/2025,25.65,4.55,60.64,86.65,Warning
4/21/2025,24.17,4.6,89.26,78.33,Warning
4/22/2025,24.93,4.64,63.97,66.34,Warning
4/23/2025,21.51,4.55,74.61,73.2,Good
4/24/2025,28.07,4.8,41.95,82.94,Bad
4/25/2025,18.19,4.54,50.35,78.4,Warning
4/26/2025,23.34,4.42,89.12,99.18,Good
4/27/2025,14.37,4.07,43.02,52.64,Bad
4/28/2025,20.35,5.44,53.59,80.7,Warning
4/29/2025,23.94,3.73,61.55,91.18,Warning
4/30/2025,21.63,5.16,61.05,68.13,Warning
5/1/2025,19.67,5.02,52.54,54.23,Warning
5/2/2025,15.92,3.08,90.45,61.06,Bad
5/3/2025,26.8,4.27,89.42,69.23,Warning
5/4/2025,14.52,4.31,95.95,55.93,Bad
5/5/2025,22.76,4.72,71.89,51.63,Warning
5/6/2025,12.05,4.17,49.67,82.82,Bad
5/7/2025,22.24,4.72,82.89,53.42,Warning
5/8/2025,18.15,4.4,76.77,96.92,Good
5/9/2025,19.65,4.61,61.28,77.53,Warning
5/10/2025,26.64,4.33,88.88,80.59,Warning
5/11/2025,16.51,4.15,46.35,67.74,Warning
5/12/2025,28.94,4.07,79.49,53.51,Bad
5/13/2025,17.19,4.3,49.41,91.37,Warning
5/14/2025,21.63,4.24,50.09,93.97,Warning
5/15/2025,15.94,4.66,70.15,86.57,Warning
5/16/2025,22.9,4.85,77.79,70.16,Good
5/17/2025,22.81,5.32,80.65,71.42,Warning
5/18/2025,25.1,4.78,48.79,91.65,Warning
5/19/2025,26.8,4.57,65.88,68.95,Warning
5/20/2025,21.26,4.65,90.65,74.2,Good
5/21/2025,14.2,4.57,74.38,66.26,Bad
5/22/2025,21.62,4.71,83.7,67.29,Warning
5/23/2025,26.17,4.79,96.81,70.01,Warning
5/24/2025,19.17,4.93,99.42,51.29,Warning
5/25/2025,28.6,5.04,81.28,56.02,Bad
5/26/2025,16.83,4.79,58.43,77.32,Warning
5/27/2025,17.35,4.36,50.26,70.91,Warning
5/28/2025,23.56,4.63,45.05,69.66,Warning
5/29/2025,26.19,5.33,49.78,61.69,Warning
5/30/2025,23.96,4.32,95.59,70.98,Good
5/31/2025,14.36,5.16,41.72,79.16,Bad
6/1/2025,21.64,4.48,75.3,69.88,Warning
6/2/2025,22.17,4.72,56.51,85.47,Warning
6/3/2025,23.89,4.37,62.48,77.49,Warning
6/4/2025,21.6,4.2,89.94,90.28,Good
6/5/2025,19.17,4.14,89.04,96.52,Good
6/6/2025,21.56,4.05,60.25,93.53,Warning
6/7/2025,10.37,4.31,60.06,69.73,Bad
6/8/2025,17.05,4.55,74.32,90.27,Warning
6/9/2025,19.57,4.73,48.95,63.41,Warning
6/10/2025,17.38,3.62,80.78,52.83,Warning
6/11/2025,21.61,4.29,81.83,59.67,Warning
6/12/2025,16.73,4.89,93.17,94.78,Warning
6/13/2025,17.99,4.12,64.68,62.03,Warning
6/14/2025,25.9,4.76,80.39,91.22,Warning
6/15/2025,17.59,4.33,84.28,68.02,Warning
6/16/2025,17.21,4.95,44.87,99.63,Warning
6/17/2025,25.57,5.41,91.97,64.47,Warning
6/18/2025,31.13,4.19,64.67,71.37,Bad
6/19/2025,24.85,3.56,91.03,60.08,Warning
6/20/2025,22.74,4.71,89.4,77.81,Good
6/21/2025,18.19,4.16,85.92,62.65,Warning
6/22/2025,25.6,4.73,59.46,83.82,Warning
6/23/2025,28.67,5.26,80.95,78.77,Bad
6/24/2025,15.37,4.24,86.11,61.31,Warning
6/25/2025,17.8,4.88,77.52,87.35,Warning
6/26/2025,23.14,4.01,90.97,52.25,Warning
6/27/2025,18.61,5.12,68.71,96.44,Warning
6/28/2025,20.33,3.49,40.82,54.08,Bad
6/29/2025,17.72,5.46,72.89,58.73,Warning
6/30/2025,26.03,3.87,97.92,52.52,Warning
7/1/2025,22.74,4.97,73.84,75.01,Good
7/2/2025,15.33,5.03,95.04,70.33,Warning
7/3/2025,23.77,4.13,57.6,76.27,Warning
7/4/2025,24.41,4.65,87.53,83.82,Warning
7/5/2025,23.47,4.57,57.75,50.06,Warning
7/6/2025,18.48,4.14,79.71,81.69,Good
7/7/2025,21.05,4.52,83.73,66.18,Warning
7/8/2025,24.66,5.47,60.56,56.73,Warning
7/9/2025,22.93,4.82,46.21,70.1,Warning
7/10/2025,25.53,4.86,47.09,50,Warning
7/11/2025,18.33,5.18,55.27,50.64,Warning
7/12/2025,26.68,4.57,97.46,78.29,Warning
7/13/2025,18.55,4.52,72.93,69,Warning
7/14/2025,15.75,5.25,54.42,54.75,Warning
7/15/2025,19.49,4.36,50.61,99.37,Warning
7/16/2025,27.67,3.26,92.42,99.78,Bad
7/17/2025,27.11,4.67,59.62,65.29,Warning
7/18/2025,28.71,4.03,80.93,65.76,Bad
7/19/2025,23.35,4.03,47.7,78.92,Warning
7/20/2025,26.4,5.03,85.21,93.64,Warning
7/21/2025,29.04,4.5,77.15,59.33,Bad
7/22/2025,30.34,3.99,91,59.81,Bad
7/23/2025,21.78,4.01,75.13,77.07,Good
7/24/2025,22.78,4.05,72.66,61.69,Warning
7/25/2025,26.42,4.74,42.49,74.91,Warning
7/26/2025,17.63,4.92,58.47,80.68,Warning
7/27/2025,28.36,4.79,61.89,82.05,Bad
7/28/2025,16.54,4.43,82.1,77.82,Warning
7/29/2025,24.82,4.38,41.26,65.79,Warning
7/30/2025,17.89,5.12,80.54,69.8,Warning
7/31/2025,20.86,5.3,64.74,96.74,Warning
8/1/2025,19.92,4.33,75.07,98.47,Good
8/2/2025,19.62,4.42,60.36,75.3,Warning
8/3/2025,23.83,4.01,99.86,72.59,Good
8/4/2025,17.39,3.66,46.91,94.16,Warning
8/5/2025,14.82,3.82,79.58,72.1,Bad
8/6/2025,19.9,4.59,88.82,97.03,Good
8/7/2025,23.6,4.57,49.09,73.87,Warning
8/8/2025,27.8,5.4,64.09,66.9,Warning
8/9/2025,20.88,4.02,49.76,86.72,Warning
8/10/2025,30.66,5.1,92.31,78.85,Bad
8/11/2025,26.42,4.22,72.42,53.96,Warning
8/12/2025,25.45,4.57,63.78,64.82,Warning
8/13/2025,21.7,4.46,65.97,79.78,Warning
8/14/2025,24.02,5.24,89.71,54.01,Warning
8/15/2025,31.09,4.3,89.72,89.17,Bad
8/16/2025,22.78,4.45,47.46,93.76,Warning
8/17/2025,23.74,3.23,74.84,96.8,Bad
8/18/2025,21.11,5.52,88.58,97.53,Bad
8/19/2025,19.3,4.3,66.39,82.2,Warning
8/20/2025,19.8,4.43,75.97,95.12,Good
8/21/2025,16.83,4.23,66.55,52.42,Warning
8/22/2025,23.7,4.71,75.28,67.66,Warning
8/23/2025,23.01,5.19,89.56,81.57,Warning
8/24/2025,23.87,5.17,64.85,97.9,Warning
8/25/2025,31.09,4.94,53.23,81.28,Bad
8/26/2025,16.85,4.65,43.58,80.22,Warning
8/27/2025,22.56,5.29,53.61,83.33,Warning
8/28/2025,21.55,4.1,49.8,59.22,Warning
8/29/2025,20.09,3.87,43.07,69.89,Warning
8/30/2025,10.28,5.53,62.97,91.96,Bad
8/31/2025,22.08,3.91,43.72,53.56,Warning
9/1/2025,28.78,5.45,92.68,77.89,Bad
9/2/2025,22.7,3.83,78.73,52.28,Warning
9/3/2025,20.18,4.39,50.19,56.35,Warning
9/4/2025,22.21,3.97,54.75,67.91,Warning
9/5/2025,25.91,3.45,44.61,50.21,Bad
9/6/2025,26.61,5.19,64.65,74.48,Warning
9/7/2025,20.55,4.47,60.12,58.85,Warning
9/8/2025,28.12,4.83,58.92,69.66,Bad
9/9/2025,20.69,4.39,50.74,89.88,Warning
9/10/2025,24.05,5.47,68.51,96.12,Warning
9/11/2025,21.27,4.32,61,89.12,Warning
9/12/2025,22.18,4.53,53.48,69.97,Warning
9/13/2025,23.29,4.47,50.85,89.96,Warning
9/14/2025,26.88,4.06,65.2,78.92,Warning
9/15/2025,23.74,4.74,91.99,52.98,Warning
9/16/2025,18.82,4.71,64.95,77.43,Warning
9/17/2025,24.01,3.25,99.79,56.76,Bad
9/18/2025,18.14,5.31,47.98,57.94,Warning
9/19/2025,19.67,3.91,80.15,74.19,Warning
9/20/2025,14.67,3.97,75.63,78.78,Bad
9/21/2025,21.59,3.88,73.21,78.51,Warning
9/22/2025,24.72,4.09,41.51,67.74,Warning
9/23/2025,23.32,5.23,55.67,84.75,Warning
9/24/2025,27.51,4.66,84.1,80.51,Warning
9/25/2025,17.55,4.48,55.68,70.95,Warning
9/26/2025,23.39,5.76,57.29,50.32,Bad
9/27/2025,14.64,4.48,84.08,51.2,Bad
9/28/2025,24.56,4.56,50.46,73.58,Warning
9/29/2025,22.93,4.12,73.03,70.37,Good
9/30/2025,25.83,4.53,51.78,51.13,Warning
10/1/2025,22.92,5.04,93.44,79.85,Warning
10/2/2025,20.81,5.16,84.99,95.65,Warning
10/3/2025,16.92,4.64,56.13,59.93,Warning
10/4/2025,18.74,3.97,73.31,79.4,Warning
10/5/2025,29.68,3.89,44.89,54.39,Bad
10/6/2025,22.29,3.85,52.84,64.16,Warning
10/7/2025,26.96,4.3,40.83,82.47,Warning
10/8/2025,26.27,4.8,95.97,51.01,Warning
10/9/2025,31.21,3.76,79.78,83.95,Bad
10/10/2025,18.11,5,92.79,52.46,Warning
10/11/2025,23.34,4.39,55.37,61.03,Warning
10/12/2025,30.2,4.5,54.34,87.9,Bad
10/13/2025,18.88,5.04,64.64,60.48,Warning
10/14/2025,22.14,4.56,96.07,65.17,Warning
10/15/2025,24.77,4.87,81.5,98.28,Warning
10/16/2025,18.06,4.36,80.3,86.47,Good
10/17/2025,16.51,4.68,70.27,65.61,Warning
10/18/2025,29.59,4.03,84.71,61.61,Bad
10/19/2025,15.83,4.18,51.92,89.17,Warning
10/20/2025,21.06,4.87,85.08,94.85,Good
10/21/2025,20.64,4.69,97.38,68.83,Warning
10/22/2025,20.01,4.41,69.17,55.45,Warning
10/23/2025,18.76,3.94,88.53,93.77,Warning
10/24/2025,25.13,4.28,91.43,88.23,Warning
10/25/2025,23.78,4.09,96.7,84.13,Good
10/26/2025,22.03,3.46,78.74,75.53,Bad
10/27/2025,20.56,4.14,88.14,93.07,Good
10/28/2025,26.77,3.87,85.11,90.6,Warning
10/29/2025,21.43,4.67,91.51,56.58,Warning
10/30/2025,26.12,4.94,80.66,62.62,Warning
10/31/2025,21.74,4.54,43.22,85.87,Warning
11/1/2025,26.77,4.46,63,58.41,Warning
11/2/2025,22.71,5.11,51.35,86.02,Warning
11/3/2025,31.94,4.63,67.65,91.44,Bad
11/4/2025,24.13,4.92,46.32,91.94,Warning
11/5/2025,26.87,5.03,61.78,93.96,Warning
11/6/2025,19.71,4.67,64.47,94.32,Warning
11/7/2025,26.26,5.23,56.23,62.44,Warning
11/8/2025,21.44,4.65,86.53,69.66,Warning
11/9/2025,23.7,4.52,62.15,67.86,Warning
11/10/2025,23.12,3.43,66.44,94,Bad
11/11/2025,34.97,5.65,48.3,99.14,Bad
11/12/2025,21.27,4.45,79.79,79.77,Good
11/13/2025,15.45,3.61,87.1,59.79,Warning
11/14/2025,23.99,5.03,65.14,72.9,Warning
11/15/2025,25.43,4.09,70.77,66.04,Warning
11/16/2025,25.17,4.44,60.7,52.74,Warning
11/17/2025,20.52,3.83,53.18,50.01,Warning
11/18/2025,19.14,4.76,47.22,53.38,Warning
11/19/2025,23.29,4.58,65.83,55.96,Warning
11/20/2025,13.29,4.59,62.49,81.07,Bad
11/21/2025,19.66,4.66,42.14,99.72,Warning
11/22/2025,27.01,4.28,60.47,72.21,Warning
11/23/2025,22.41,5.52,91.69,93.3,Bad
11/24/2025,23.11,4.49,68.99,99.34,Warning
11/25/2025,18.75,4.91,72.3,99.61,Good
11/26/2025,18.1,5.15,40.42,70.17,Warning
11/27/2025,24.66,4.22,60.24,91.38,Warning
11/28/2025,18.87,4.12,44.09,59.36,Warning
11/29/2025,14.92,4.74,65.04,68.84,Bad
11/30/2025,13.7,4.46,46.41,97.67,Bad
12/1/2025,21.4,4.34,57.88,66.02,Warning
12/2/2025,23.86,4.22,47.35,81.75,Warning
12/3/2025,22.72,5.15,44.67,97.77,Warning
12/4/2025,24.34,4.29,50.13,92.7,Warning
12/5/2025,22.03,4.34,86.17,96.74,Good
12/6/2025,21.34,4.61,57.05,64.45,Warning
12/7/2025,16.45,3.7,72.67,57.99,Warning
12/8/2025,18.43,4.76,58.62,75.17,Warning
12/9/2025,24.62,4.91,78.73,57.79,Warning
12/10/2025,18.57,4.55,62.64,70.68,Warning
12/11/2025,20.47,4.44,50.75,69.61,Warning
12/12/2025,20.4,4.63,98.88,69.08,Warning
12/13/2025,19.32,5.09,77.66,59.6,Warning
12/14/2025,26.73,4.74,44.14,66.74,Warning
12/15/2025,26.14,3.79,61.36,57.43,Warning
12/16/2025,26.95,4.69,62.93,56.61,Warning
12/17/2025,19.54,4.15,57.99,82.14,Warning
12/18/2025,28.44,4.91,61.75,91.2,Bad
12/19/2025,21.4,3.78,88.06,59.01,Warning
12/20/2025,27.18,3.95,41.52,84.5,Warning
12/21/2025,20.54,4.42,76.59,62.04,Warning
12/22/2025,19.1,4.4,48.83,64.9,Warning
12/23/2025,21.97,4.39,47.39,65.38,Warning
12/24/2025,23.28,5.33,93.07,77.7,Warning
12/25/2025,16.44,4.58,49.97,95.82,Warning
12/26/2025,17.61,3.76,85.59,66.94,Warning
12/27/2025,25.8,4.62,42.98,62.85,Warning
12/28/2025,15.87,4.4,84.63,95.96,Warning
12/29/2025,14.62,4.05,97.69,72.24,Bad
12/30/2025,13.22,4.42,94.57,78.45,Bad
12/31/2025,24.77,4.79,60.51,71.68,Warning
